3/1/2025 8:35,,,,,,No,,
3/1/2025 8:35,,,,,,No,,
3/1/2025 8:35,,,,,,No,,
3/1/2025 8:34,,,,,,No,,
3/1/2025 8:27,,,,,,,3,
3/1/2025 8:27,,,,,,,1,Error
3/1/2025 8:22,,,,,,No,2,Unable to enter my information
3/1/2025 8:09,,,,,,No,,Update profile
3/1/2025 8:07,,,,,,No,5,"Create log in that complies with post March 4, 2025 requirement. I am highly computer literate. I have been attempting for weeks to complete this task and have always failed. The issue today is the error message: We’re sorry. Something went wrong on our end. Please refresh this page or try again later."
3/1/2025 8:03,,,,,,,,
3/1/2025 7:52,,,,,,No,1,"Trying to complete the information request for the new sign on.  However you page keeps returning an ""Something went wrong error""."
3/1/2025 7:51,,,,,,No,3,"Add my contact information, and ""something went wrong on our end"""
3/1/2025 7:40,2,Could not fill out information because of glitches,3,3,,,,
3/1/2025 7:39,,,,,,No,1,login
3/1/2025 7:29,,,,,,No,1,check my status
3/1/2025 7:10,,,,,,No,3,Can't login to my account
3/1/2025 7:07,,,,,,No,1,
3/1/2025 7:00,,,,,,No,1,
3/1/2025 6:49,,,,,,No,1,Set up an I.D.me account for My Healthy Vet
3/1/2025 6:19,,,,,,No,1,"TRY TO SAVE VA APPLICATION GET NOTICE: SOMETHING WENT WRONG ON OUR END TRY AGAIN. TRIED 3 TIMES MORE GOT SAME MESSAGE, GAVE UP."
3/1/2025 5:45,,,,,,No,1,Complete new sign in.  I get a message “ something went wrong. Try again later”
3/1/2025 5:05,,,,,,No,1,
3/1/2025 4:50,,,,,,No,3,Update my email address and password and phone number and Direct deposit
3/1/2025 4:34,,,,,,No,2,create new account but got errors and to try later
3/1/2025 3:59,,,,,,No,1,site wanted to add     contact information when i got to screen        there were edit buttons
3/1/2025 3:18,,,,,,,2,
3/1/2025 2:01,,,,,,No,1,
3/1/2025 1:58,,,,,,No,1,"Enter my information for the new sigh-in.  I kept getting a message that something went wrong at your end, refresh this page and try again.  I did that and still keep getting this message."
3/1/2025 1:40,,,,,,No,1,site says I need to edit to add contact information but none of the links work...I guess you guys got hit with the DOGE?
3/1/2025 0:50,,,,,,No,1,login to MyHealtheVet
3/1/2025 0:41,,,,,,No,2,Sign in
3/1/2025 0:37,,,,,,No,2,"Attempting to sign up for ID.Gov to replace My Healthy Vet sign in. Continously received msg stating ""We're sorry.  Something went wrong check back later."
3/1/2025 0:34,,,,,,No,1,establish account
3/1/2025 0:02,,,,,,No,1,Every time I try and create an ID.me account I get stopped with an error that says something went wrong on your end.
2/28/2025 23:39,,,,,,No,1,add contact information as requested by you
2/28/2025 23:29,,,,,,,,
2/28/2025 23:29,2,Hard time navigating web site.,1,2,1,,,
2/28/2025 23:21,,,,,,No,1,Add my contact information
2/28/2025 22:51,,,,,,No,1,Dental work support by va?
2/28/2025 22:33,,,,,,No,1,"Sign in to update my information and check on a claim. When I clicked on the the page to update my phone number, address, and email it said ""We sorry. Something went wrong. Try refreshing this page or try again later. """
2/28/2025 22:32,,,,,,No,3,Set up id login
2/28/2025 22:31,,,,,,No,1,Trying to sign up to VA Setup... I DO NOT utilize a cell phone!!!  The system will not allow me to finish the sign-up process with out a cell.
2/28/2025 22:20,,,,,,No,3,change contact  number to 713/248-2747
2/28/2025 22:14,,,,,,No,1,"You idiots wanted some info, but 3 times it stated ""We’re sorry. Something went wrong on our end. Please refresh this page or try again later."""
2/28/2025 21:58,,,,,,No,1,your system is not working
2/28/2025 21:44,,,,,,,,
2/28/2025 21:42,,,,,,,,
2/28/2025 21:41,,,,,,,,
2/28/2025 21:33,,,,,,No,1,
2/28/2025 21:31,,,,,,No,1,Adding contacts and editing does not work
2/28/2025 21:18,,,,,,No,,
2/28/2025 21:09,,,,,,No,1,"the website is asking me for my phone number, but whenever I click on edit phone number it keeps saying ' Something went wrong'"
2/28/2025 21:02,,,,,,No,2,Can not update contact info
2/28/2025 20:55,,,,,,No,1,Log In.
2/28/2025 20:54,,,,,,No,3,update info
2/28/2025 20:53,,,,,,No,3,just trying to update account for myself
2/28/2025 20:53,,,,,,No,1,"Enter phone, email and address.  Links don’t work"
2/28/2025 20:40,,,,,,No,1,
2/28/2025 20:31,,,,,,No,3,I was trying to update my information
2/28/2025 20:20,,,,,,No,2,sign in
2/28/2025 20:18,,,,,,No,3,"add my phone number, email and address."
2/28/2025 20:16,,,,,,No,3,Edit Phone and email
2/28/2025 20:15,,,,,,No,,Verification of identity online for 3 days already and system cannot process my drivers license picture
2/28/2025 20:15,2,Your website hasn’t been working. It says there is a problem on your end.,3,,,,,
2/28/2025 20:07,,,,,,,,
2/28/2025 20:04,,,,,,No,1,"log in, confirm phone#,e mail, and address"
2/28/2025 19:59,,,,,,,,
2/28/2025 19:57,,,,,,No,,trying to sign in to this site and I am having problems with the site
2/28/2025 19:54,,,,,,No,2,enter contact info.  Keeps saying something went wrong
2/28/2025 19:40,,,,,,No,2,Appointment reschedule
2/28/2025 19:39,,,,,,No,1,website is down and I am unable to add my personal info which does not allow me to go any further on the website.
2/28/2025 19:36,,,,,,No,3,website was done
2/28/2025 19:34,,,,,,No,1,trying to set up va.gov for login.gov
2/28/2025 19:32,,,,,,No,,
2/28/2025 19:32,,,,,,No,,
2/28/2025 19:30,,,,,,No,1,Update my contact information and get information about the new tax exempt card that I have NOT received.
2/28/2025 19:29,,,,,,No,,Trying to complete my ID.Me application. I can't get into update contact info.
2/28/2025 19:24,2,"I'VE BEEN TRYING TO LOG ON BUT YOU KEEP ASKING FOR MORE VERIVACATION, ITS DAMMN STUPID!",1,2,2,,,
2/28/2025 19:18,,,,,,No,1,Adding my contact information
2/28/2025 19:14,,,,,,No,1,Add my personal information.
2/28/2025 19:14,,,,,,No,2,tried to create a account
2/28/2025 19:06,,,,,,No,,"Enter cell #, email & change address"
2/28/2025 18:42,,,,,,,1,"doesn't work, can not add phone number,email,or mailing address"
2/28/2025 18:42,,,,,,No,1,Update Contact Informonati
2/28/2025 18:40,,,,,,No,1,new login for va.gov
2/28/2025 18:36,,,,,,No,1,Log in
2/28/2025 18:33,,,,,,No,1,Cannot update contact info.
2/28/2025 18:32,,,,,,No,1,Make an appointment
2/28/2025 18:24,1,Trying to get help and it keeps blocking me.,1,2,3,,,
2/28/2025 18:21,1,,1,1,4,,,
2/28/2025 18:18,,,,,,No,1,
2/28/2025 18:14,,,,,,,1,Trying to sign in
2/28/2025 18:14,,,,,,No,1,not working
2/28/2025 18:13,,,,,,No,1,trying to enter personal info
2/28/2025 18:12,,,,,,No,1,"When I attempt to put in my info. such as email, phone, etc. it states ""Something went wrong. Please try again."""
2/28/2025 18:12,,,,,,No,3,
2/28/2025 18:07,,,,,,No,,set up and use login.gov
2/28/2025 18:05,,,,,,No,,set up and use login.gov
2/28/2025 18:05,,,,,,No,3,Trying to add missing personal information.
2/28/2025 17:58,,,,,,No,1,"logged into new system wants update contact info but keeps saying ""We're sorry.  Something went wrong on our end.  Please get this fixed soon. I need to order medicine."
2/28/2025 17:57,,,,,,No,,Login
2/28/2025 17:52,,,,,,No,1,"I was trying to set up my ID.me account and enter my mobile phone number, email address and mailing address.  I kept getting a message that something went wrong on your end.  It said to refresh but there was no refresh"" button.  I don't know what to do to continue.  Please advise"
2/28/2025 17:47,,,,,,No,1,
2/28/2025 17:46,,,,,,No,1,
2/28/2025 17:46,,,,,,No,1,
2/28/2025 17:46,,,,,,No,1,"Very much trouble complying with new sign in,spent lots of hours trying to get in called help line but they couldn’t help told me to keep trying   It said “sorry we are having trouble try again also this has been going on for weeks now ,so frustrated can’t communicate with anyone from the VA Hospital or CBOX   help!!!!!!!!!!"
2/28/2025 17:42,,,,,,No,1,
2/28/2025 17:37,,,,,,No,1,just trying to update profile contact info....e.z. p.z. response was to try later how can you screw that up?
2/28/2025 17:36,,,,,,,2,Provide VA site with contact info. It would not accept.
2/28/2025 17:28,,,,,,No,1,Update contact information. It has been saying something went wrong for a few days now.
2/28/2025 17:27,,,,,,No,,
2/28/2025 17:26,,,,,,,,
2/28/2025 17:26,,,,,,No,1,"sight keeps asking for my mobile#, e-mail & address then when I click to enter keeps telling me something went wrong on your end & to try again. Keeps doing this over & over."
2/28/2025 17:16,,,,,,No,2,Get on the website
2/28/2025 17:08,,,,,,No,1,just want to finish my editing before March 4 deadline .........not happy at all with this
2/28/2025 17:07,,,,,,No,1,edit contact info
2/28/2025 17:07,,,,,,No,2,unable to put in contact or address information
2/28/2025 17:06,,,,,,No,,Get my Marine Corps servicehistory
2/28/2025 17:03,,,,,,No,,Trying to get a copy of my pay
2/28/2025 17:03,,,,,,No,1,Update formation weeks and it keeps telling me unable to update.
2/28/2025 17:01,,,,,,No,1,add my personal information to get access to log into my acoubt
2/28/2025 17:01,,,,,,No,2,I was trying to create a Login.gov account.  I needed to add mailing info and it says there's something wrong on your end.
2/28/2025 17:00,,,,,,No,2,update info
2/28/2025 17:00,,,,,,No,2,
2/28/2025 16:56,1,Signing into login.gov to get my va medical records has been fruitless. An agent did try to help but when we encountered an error code while trying to add mobile number she said that higher assistance necessary. But the connection to the new site said it was too busy and to call back. 30 minutes gone.  This was my  fourth time today on this problem,,,,,,
2/28/2025 16:54,,,,,,,,
2/28/2025 16:54,,,,,,No,1,Sign in for my account
2/28/2025 16:54,,,,,,No,2,log in
2/28/2025 16:52,,,,,,,,
2/28/2025 16:51,,,,,,,,
2/28/2025 16:51,,,,,,No,1,
2/28/2025 16:51,,,,,,No,1,update info
2/28/2025 16:50,,,,,,No,1,Update adress and contact info
2/28/2025 16:50,,,,,,No,1,
2/28/2025 16:43,,,,,,No,1,can't sign in
2/28/2025 16:33,,,,,,No,1,"Add contact info to the new VA ID system. I tried to edit my contact info, as Required, for the new V.A. sign in system. Every time I got an error page saying. ""We're sorry. Something went wrong on our end..."""
2/28/2025 16:30,,,,,,No,2,enter personal info email phone address
2/28/2025 16:26,,,,,,No,1,update contact information
2/28/2025 16:25,,,,,,No,3,Try to get om ID.Me
2/28/2025 16:23,,,,,,No,3,Complete application
2/28/2025 16:22,,,,,,No,1,"The system is asking me to update my phone number, email and mailing address however every time I click on the link it says that there is a problem with the site."
2/28/2025 16:22,,,,,,No,2,walk
2/28/2025 16:21,1,Nothing is working!,,,,,,
2/28/2025 16:21,,,,,,No,1,You don't seem to have any software that works correctly. This system sucks.
2/28/2025 16:19,,,,,,No,1,error: something went wrong  trying to update personal contact information
2/28/2025 16:16,,,,,,No,1,filing a claim
2/28/2025 16:16,,,,,,,,
2/28/2025 16:15,,,,,,,,
2/28/2025 16:12,,,,,,No,1,"i  have clicked and clicked and clicked several times to add email, phone, and address information. each time a message pops up saying WE'RE SORRY SOMETHING WENT WRONG. REFRESH PAGE OR TRY AGAIN LATER."
2/28/2025 16:11,,,,,,No,1,"""We are sorry, refresh or.............""  A CONSTANT MESSAGE."
2/28/2025 16:11,,,,,,,,
2/28/2025 16:11,,,,,,,,
2/28/2025 16:10,,,,,,,,
2/28/2025 16:10,,,,,,,,
2/28/2025 16:09,,,,,,No,1,"Authenticate VA with ID.me.    When adding email address and phone number, site continues to buffer, making it impossible to complete."
2/28/2025 16:09,,,,,,,,
2/28/2025 16:08,,,,,,,,
2/28/2025 16:04,,,,,,No,2,create a new account
2/28/2025 16:04,,,,,,No,1,"Create gov login. The edit function of phone, address and email would not work."
2/28/2025 16:02,,,,,,,1,
2/28/2025 15:52,,,,,,No,1,question as to what is the reporting protocol when a member passes away
2/28/2025 15:51,,,,,,,,
2/28/2025 15:48,,,,,,No,1,Trying to add my contact info
2/28/2025 15:48,,,,,,,,
2/28/2025 15:46,,,,,,No,2,"Could not create login. ""Something went wrong on our end. Please try again later"" several times"
2/28/2025 15:41,,,,,,No,1,will not add needed information to log on to my healthly vet
2/28/2025 15:32,,,,,,No,1,Add information it kept saying error!
2/28/2025 15:27,,,,,,No,1,update phone and addresses
2/28/2025 15:25,,,,,,No,3,Update personal information.
2/28/2025 15:23,,,,,,No,3,Your Web site Had a problem
2/28/2025 15:19,,,,,,No,2,"Update contact info: phone, email address, land address. After that I was going to send a secure message in response to a voice mail from VA I received"
2/28/2025 15:19,,,,,,No,2,edit set up information
2/28/2025 15:19,,,,,,,1,"Attempted to edit phone number, email Rec'd this: We’re sorry. Something went wrong on our end. Please refresh this page or try again later."
2/28/2025 15:18,,,,,,No,2,
2/28/2025 15:18,,,,,,No,2,pop up says Sorry something went wrong!? everytime i try to fill about contact info?
2/28/2025 15:17,,,,,,No,1,"Update my mobile number and other information. Says Were sorry, something wrong with page"
2/28/2025 15:16,,,,,,No,1,"contact information won""t work"
2/28/2025 15:16,,,,,,No,2,sign up
2/28/2025 15:15,,,,,,No,2,
2/28/2025 15:15,,,,,,No,1,gov id  add   unable to add contact information
2/28/2025 15:14,,,,,,No,1,Sign in to my account
2/28/2025 15:13,,,,,,,,
2/28/2025 15:13,,,,,,No,1,I was trying to verify my military status through ID.me
2/28/2025 15:11,,,,,,No,1,can't enter info
2/28/2025 15:10,,,,,,No,1,Web Page will not allow me to enter personal information.
2/28/2025 15:06,,,,,,No,1,"log in to the ID.me website, which was successful, however when I go to update my information - I constantly get an error message that says something went wrong on your all's end.  I have been working on this on and off for 3 days and I just continue - what it seems to me - is going around in circles."
2/28/2025 15:05,,,,,,No,1,Your new system SUCKS!
2/28/2025 15:05,,,,,,No,1,not working
2/28/2025 15:04,,,,,,No,2,"editing mobile phone number, email address & mailing address"
2/28/2025 15:03,,,,,,No,1,Could not complete info
2/28/2025 14:59,,,,,,No,1,register
2/28/2025 14:58,,,,,,No,1,"I keep getting this error message. ""We’re sorry. Something went wrong on our end. Please refresh this page or try again later."""
2/28/2025 14:58,,,,,,No,1,add personal information
2/28/2025 14:55,,,,,,No,,
2/28/2025 14:54,,,,,,No,2,Will not let me edit / add  my necessary information
2/28/2025 14:53,,,,,,No,,VIC
2/28/2025 14:53,,,,,,No,1,update information.  2nd time I've tried this in 2 days.  What's up? Too many trying to get on at the same time?
2/28/2025 14:50,,,,,,No,1,renew med's
2/28/2025 14:50,,,,,,No,1,log in to id. gov. I have been trying to change from myhealthyvet since Janurary with no ssuccess. I am about to give up as i have spent about 15 hours on this change.
2/28/2025 14:45,,,,,,,,
2/28/2025 14:41,,,,,,Yes,3,"chose log in with .gov as format, said contact info was needed and got an error message stating something went wrong on your end."
2/28/2025 14:38,,,,,,No,1,update my profile.   Have tried numerous times only to find something went wrong.    with no explanation.
2/28/2025 14:38,,,,,,,4,
2/28/2025 14:30,,,,,,No,1,trying to add contact info. Keep getting msg that something went wrong
2/28/2025 14:30,,,,,,No,1,loging on to VA.gov
2/28/2025 14:26,,,,,,,1,
2/28/2025 14:26,,,,,,No,3,update my contact information
2/28/2025 14:24,,,,,,No,2,Set up account login.gov
2/28/2025 14:23,,,,,,Yes,,
2/28/2025 14:23,,,,,,No,1,Update sighin
2/28/2025 14:18,,,,,,No,2,sign in to new site
2/28/2025 14:17,2,"I've been trying to set up the new account and you make it so difficult. Why change My health vet? Now I cannot send messages, nor see or do anything. Always making it so complicated.",1,1,2,,,
2/28/2025 14:14,,,,,,No,1,Edit new login details
2/28/2025 14:14,,,,,,No,3,Add cell phone
2/28/2025 14:11,,,,,,,,
2/28/2025 14:10,4,Not able to add contact info.,2,3,4,,,
2/28/2025 14:01,,,,,,No,1,"I cannot enter information to verify my identity, get and error saying we are sorry there is something wrong at our end. Tried multiple times to do this."
2/28/2025 13:59,,,,,,,,
2/28/2025 13:58,,,,,,No,1,Edit personal information
2/28/2025 13:57,,,,,,No,1,"trying to add my info, so i can log into my VA account. and this system wont let me, dont know what else to do."
2/28/2025 13:56,,,,,,No,1,"Set up my contact information, after 10 or so attempts refreshing, returning. .. I gave up."
2/28/2025 13:52,,,,,,,4,I got married and changed my name and address so I justr want to update with my current information.
2/28/2025 13:51,,,,,,No,1,Update info
2/28/2025 13:50,,,,,,No,1,I am not able to add contact information I need help
2/28/2025 13:47,,,,,,No,1,change
2/28/2025 13:47,,,,,,No,2,Add contact info
2/28/2025 13:46,,,,,,No,3,provide contact info
2/28/2025 13:44,,,,,,No,1,"put phone, email and address"
2/28/2025 13:44,,,,,,No,3,Trying to set up a va.gov account
2/28/2025 13:43,,,,,,,1,create log in for Login.gov
2/28/2025 13:43,,,,,,No,1,add my information so that i could sign in using the new sign in.  Your making things so much harder than they have to be.
2/28/2025 13:39,,,,,,No,,add contact information
2/28/2025 13:38,,,,,,No,3,Phone address email
2/28/2025 13:37,,,,,,No,1,
2/28/2025 13:36,,,,,,No,2,sign in and update contact info.  Keep getting notice that something is wrong on your end
2/28/2025 13:36,,,,,,No,2,"Check that my VA contact Tony Mitchell of Mt. Vernon, WA clinic has submitted my Nexus letter into my records"
2/28/2025 13:35,,,,,,No,,Put my mailing adress and could not do it
2/28/2025 13:34,,,,,,No,3,
2/28/2025 13:34,,,,,,No,1,update my profile with my new address
2/28/2025 13:31,,,,,,No,1,"Give my contact information (mobile phone number, email, mailing address)."
2/28/2025 13:27,,,,,,No,3,sign in
2/28/2025 13:26,,,,,,No,,
2/28/2025 13:26,,,,,,No,1,create a new account and add contact information
2/28/2025 13:25,,,,,,No,1,I'm trying to start an ID me Acct. & it keeps saying that something went wrong on their end
2/28/2025 13:24,,,,,,No,2,trying to change to a new sign-in
2/28/2025 13:20,,,,,,,,
2/28/2025 13:12,,,,,,No,2,check VA edu benefits
2/28/2025 13:06,,,,,,No,2,create sign in
2/28/2025 13:02,,,,,,No,3,1st time user registration
2/28/2025 12:59,,,,,,Yes,1,"could not add contact info. your message says the problem is at your end. what a piece of crap, i have worked on this for over 4 hours, no progress. i will just not sign up for  myhealthevet"
2/28/2025 12:58,,,,,,,,
2/28/2025 12:55,,,,,,No,2,Site wasn't working to update contact information
2/28/2025 12:50,,,,,,No,1,I can't added my emil or phone number
2/28/2025 12:49,,,,,,No,3,Unable to update contact information system is requesting.  Continue to get the following error message   We’re sorry. Something went wrong on our end. Please refresh this page or try again later.
2/28/2025 12:48,,,,,,No,,Unable to update mailing adress
2/28/2025 12:48,,,,,,No,,Unable to update email
2/28/2025 12:48,,,,,,No,3,"Update contact information, system didn't allow for addition of email, phone or address."
2/28/2025 12:48,,,,,,No,,Tried to update phone number
2/28/2025 12:46,,,,,,No,2,"Confirm my mobile phone, email and mailing address"
2/28/2025 12:44,,,,,,No,2,"update my contact info... it keeps saying ""something went wrong."""
2/28/2025 12:42,,,,,,No,1,it will not let me update my contact information-keeps saying were sorry refresh page try again?
2/28/2025 12:41,,,,,,No,2,"Could not edit  phone number, address,"
2/28/2025 12:40,,,,,,No,1,verify my contact information
2/28/2025 12:39,,,,,,No,1,this site continues to come up with were sorry-
2/28/2025 12:39,,,,,,No,1,
2/28/2025 12:33,,,,,,,,
2/28/2025 12:32,,,,,,No,2,Update Contact information.
2/28/2025 12:32,,,,,,No,1,
2/28/2025 12:31,,,,,,No,,Get past sign in
2/28/2025 12:27,,,,,,No,2,
2/28/2025 12:24,,,,,,Yes,2,Create an Account
2/28/2025 12:23,,,,,,No,2,I am stuck on my add your contact information page at new Va log in page.Will not let me continue.???
2/28/2025 12:21,,,,,,No,2,
2/28/2025 12:21,,,,,,No,1,Will not allow me to update information and will not allow me to continue without updating.
2/28/2025 12:18,,,,,,No,2,I was trying to access forms and I could not get past entering contact information as your website is having problems.
2/28/2025 12:15,,,,,,No,1,"Will not let me add telephone number, email address, or home address?"
2/28/2025 12:08,,,,,,No,1,This needs to be fixed .Every day it says something went wrong on your side. Monday is the last day to change and I've been trying all week.
2/28/2025 12:08,,,,,,No,1,Update contact information.
2/28/2025 12:06,,,,,,,,
2/28/2025 12:01,,,,,,No,1,verify id did not work 3 times edit information errored 6 times
2/28/2025 11:59,,,,,,No,1,"program will not except my phone#, email, or address"
2/28/2025 11:57,,,,,,Yes,1,add contact info
2/28/2025 11:57,,,,,,No,1,"Add my contact information. I just signed up for a VA.gov account and I can't fill in any information. The websites keep saying ""We’re sorry. Something went wrong on our end. Please refresh this page or try again later."""
2/28/2025 11:56,,,,,,No,1,add contact info
2/28/2025 11:56,,,,,,No,1,"receiving error note ""that something is wrong with the VA page please try again"""
2/28/2025 11:53,,,,,,No,2,
2/28/2025 11:51,,,,,,No,2,sign in with id.me
2/28/2025 11:50,,,,,,No,1,Trying to log in using ID-me. Its confusing   HELP !!!
2/28/2025 11:48,,,,,,No,2,Kept getting message sorry something went wrong.
2/28/2025 11:48,,,,,,No,2,Can not up date personal information
2/28/2025 11:46,,,,,,No,,
2/28/2025 11:46,,,,,,No,1,Create a Login.gov account. Couldn’t verify my contact info because of a glitch on the page. WHAT A GO PEOPLE!!!!!!!
2/28/2025 11:46,,,,,,No,,
2/28/2025 11:44,,,,,,No,1,register
2/28/2025 11:41,,,,,,No,2,"Update email, phone, address"
2/28/2025 11:40,,,,,,No,1,It's hard to complete this when it never works
2/28/2025 11:36,,,,,,No,2,finish setting up login.gov account. I got as far as my phone number last time with all other documents summited successfully. It would not accept my phone number which I have had since the beginning of cell phones.
2/28/2025 11:34,,,,,,No,1,Trying to use the new sign in for Secure messaging and it is not allowing me to complete the process.
2/28/2025 11:34,,,,,,No,3,Provide updated information to my website that the VA asked for.
2/28/2025 11:34,,,,,,No,2,
2/28/2025 11:33,,,,,,No,2,can not get in to add contact info
2/28/2025 11:32,2,"trying to get a replacement VA card. Can't update e-mail, address, or phone number",2,2,,,,
2/28/2025 11:28,,,,,,Yes,2,create an account
2/28/2025 11:25,,,,,,,,
2/28/2025 11:25,,,,,,No,2,
2/28/2025 11:23,,,,,,,3,"When I click on edit for each: mobile phone number, Email address, and Mailing address, I get the message Something went wrong."
2/28/2025 11:19,,,,,,No,1,your system kept failing
2/28/2025 11:17,,,,,,No,1,new login--says we are sorry refresh or try later--refreshed 4 times--still nothing--what a pain in the ass VA.
2/28/2025 11:16,,,,,,No,1,Trying to change to the new va.gov system of MHV
2/28/2025 11:14,,,,,,No,3,Trying to edit my contact information and apply for educational benefits
2/28/2025 11:14,,,,,,No,1,"Log in, your system is different, not working, or requires me to identify myself every fucking time I try to log on! VA provides good Healthcare, however, va provides nothing but frustration, anger, and insufficient reasoning for their stupid processes. I have been verifying myself to this stupid fucki g system for over a year. Where the fuck is my information going?!"
2/28/2025 11:13,,,,,,No,2,Add contact information
2/28/2025 11:11,,,,,,No,2,"update contact information, each time I select edit it comes back with sorry something went wrong"
2/28/2025 11:06,,,,,,No,1,log on
2/28/2025 11:03,,,,,,No,,Checking for appointment dates and time
2/28/2025 10:59,,,,,,No,1,Register at Login.gov
2/28/2025 10:58,,,,,,No,1,edit personal info
2/28/2025 10:57,,,,,,No,2,"Unable to complete application process.   It continues to give me a prompt telling me ""We're sorry. Something went wrong"". this id the third day."
2/28/2025 10:53,,,,,,No,2,log in to VA to change address and direct deposit of disability
2/28/2025 10:51,,,,,,No,2,The website doesnt work at any convience its like its literally set up to fail
2/28/2025 10:46,,,,,,,1,will not allow me to enter info
2/28/2025 10:46,,,,,,No,1,sigh up using your new log in
2/28/2025 10:45,,,,,,No,1,
2/28/2025 10:45,,,,,,,,
2/28/2025 10:45,,,,,,No,2,"I tried to add my phone number and email address, but the VA site says ""something is wrong on our end"""
2/28/2025 10:43,,,,,,No,1,sign in
2/28/2025 10:41,,,,,,No,3,Login in
2/28/2025 10:39,,,,,,No,3,Update contact information for new log-in
2/28/2025 10:36,,,,,,No,1,Set up new required idenitity
2/28/2025 10:36,,,,,,No,2,
2/28/2025 10:35,,,,,,No,1,"this is the worst system I have been FORCED to use.  And when I say ""use"" that term is misleading because nothing ""works"""
2/28/2025 10:33,,,,,,No,,
2/28/2025 10:32,,,,,,,,
2/28/2025 10:32,,,,,,No,1,"Message states something went wrong.  Well, Yes it did.  Your server needs fixed.  Do so now please so veterans stop running into this type of crap.  Thank you"
2/28/2025 10:31,,,,,,No,,Hello:I cannot finish setting up my account because I keep getting this error message saying that something went wrong on your end and it's been 3 days that this is been going on ? why can't this problem be resolved and allow me to finish setting up my account I have a secured message that I cannot access until I can get in to my account Density said she was going to send me something when it was OK for me to continue with setting up my account and I haven't received anything from her? Why is it that I cannot up load my information and keep getting a message error on the up load page.
2/28/2025 10:21,,,,,,No,3,I was attempting to load my contact information and I tried to refresh your page and both times it failed exactly the same.
2/28/2025 10:20,,,,,,No,1,"add phone, email and address"
2/28/2025 10:19,,,,,,No,2,Something went wrong message came uo on the screen
2/28/2025 10:16,,,,,,No,2,"update contact info, add your contact info page says sorry something went wrong. tried google and Firefox browsers"
2/28/2025 10:16,,,,,,No,2,"Trying to sign up using Login.gov.  Got to the page requiring update of phone, email and physical address.  Every time I tried to Edit a pop-up said ""We're sorry.  Something went wrong, refresh this page or try again later.""  Very discouraging."
2/28/2025 10:16,,,,,,No,1,"Got a message that says ""something went wrong try later"""
2/28/2025 10:15,,,,,,No,,
2/28/2025 10:15,,,,,,No,3,Complete my contact information
2/28/2025 10:14,,,,,,No,,I cannot update things that need updated. When I try it will not allow me to do it.
2/28/2025 10:14,,,,,,No,1,Not able to complete contact information
2/28/2025 10:11,,,,,,No,1,"IT says something went wrong when I went to put in my info, which you already have, This new system stinks"
2/28/2025 10:11,,,,,,,2,
2/28/2025 10:10,,,,,,,,
2/28/2025 10:10,,,,,,No,1,sign up for new login.gov.  Said I need to add contact info by tells me something went wrong on your end & stops the process
2/28/2025 10:08,,,,,,No,2,"Make a ""login.gov"" account."
2/28/2025 10:08,,,,,,No,,
2/28/2025 10:07,,,,,,No,1,Trying to submit feedback about an appointment that has now been cancelled 4 times and get notices on the website that I need to update things that now can't be updated because the website doesn't work.
2/28/2025 10:07,,,,,,No,1,update contact and add new login on login.gov
2/28/2025 10:07,,,,,,No,2,Verify contact info. But wouldn’t let me but says I can’t see u til I verify. Been stuck on this for months
2/28/2025 10:02,,,,,,No,2,All I want to do is change what bank my VA disability check is sent to....and it's taken over 30 minutes....and I still can't find a way to do that!
2/28/2025 10:02,,,,,,No,3,
2/28/2025 9:55,,,,,,No,1,"Enter my information (cell phone, email)"
2/28/2025 9:52,,,,,,No,3,"trying to add my cell, address and email"
2/28/2025 9:50,,,,,,No,,
2/28/2025 9:49,,,,,,No,1,
2/28/2025 9:49,,,,,,No,2,I am trying to edit my information but I keep receiving an error message.
2/28/2025 9:48,,,,,,No,1,
2/28/2025 9:40,,,,,,No,2,The ID ME didn't allow me to update my information
2/28/2025 9:39,,,,,,No,1,System is not working..
2/28/2025 9:37,,,,,,No,,
2/28/2025 9:36,,,,,,No,1,NOT ABLE TO EDIT PERSONAL INFO.  WHEN I DO IT SAYS SOMETIING WENT WRONG
2/28/2025 9:32,,,,,,No,1,"Trying to update my Contact information, as requested to do."
2/28/2025 9:32,,,,,,No,1,getting ID.me would not let me  put in phone numbers etc.
2/28/2025 9:27,,,,,,Yes,4,
2/28/2025 9:24,,,,,,No,1,Add contact info.
2/28/2025 9:21,,,,,,No,3,Edit my profile
2/28/2025 9:14,,,,,,No,1,Attempting to retrieve info regarding my VA service-connected disability claim correspondence going back 14 years.  I was unable to complete the task because I could make it past the editing my contact information page in the website once logged in.
2/28/2025 9:14,,,,,,No,2,Tried to add and update my contact information.  All aspects said error on the VA side of things.
2/28/2025 9:13,,,,,,No,1,Apply for veterans ID
2/28/2025 9:12,,,,,,No,2,Trying to add my contact information and all 3 fields show an error when I try to edit.
2/28/2025 9:12,,,,,,No,3,Trying to input contact info.
2/28/2025 9:10,,,,,,No,1,
2/28/2025 9:10,,,,,,No,5,sign in
2/28/2025 9:09,,,,,,No,2,edit my contact information
2/28/2025 9:08,,,,,,No,,
2/28/2025 9:05,,,,,,No,1,Trying to set up with the newchanges.
2/28/2025 9:00,,,,,,No,1,put in contact info
2/28/2025 9:00,,,,,,No,1,"I wanted to update my information as required and the web site said something went wrong. Please refresh the page, I did. It failed again with the same statement"
2/28/2025 8:58,,,,,,No,1,Yours sign in site SUCKS
2/28/2025 8:55,,,,,,No,2,Edit my contact information-told that something went wrong at there end-try again later. This whole system stinks.
2/28/2025 8:51,,,,,,No,1,"Create Login.gov id and login. I tried to add my contact information but got a message saying something went wrong, please try again later"
2/28/2025 8:49,,,,,,No,1,new sign in
2/28/2025 8:39,,,,,,No,2,Update personal info
2/28/2025 8:37,,,,,,No,2,Create/update my VA benefit account.
2/28/2025 8:33,,,,,,,,
2/28/2025 8:32,,,,,,No,,Trying to edit my contact information
2/28/2025 8:25,,,,,,No,1,update
2/28/2025 8:24,1,"system down, ""something went wrong""",,,,,,
2/28/2025 8:17,,,,,,No,2,I am trying to see when my Chapter 35 Benefits will pay out.
2/28/2025 8:14,,,,,,No,1,Sign up
2/28/2025 8:08,,,,,,No,2,
2/28/2025 8:02,,,,,,No,,Enter required info. Obviously NOT WORKING!
2/28/2025 7:50,,,,,,No,3,Edit contact information
2/28/2025 7:44,,,,,,No,,
2/28/2025 7:42,,,,,,No,5,"I cannot updated my contact informatinon in an effort to recieve my GI bill benefits. This keeps popping up over and over: ""We’re sorry. Something went wrong on our end. Please refresh this page or try again later."""
2/28/2025 7:15,,,,,,No,,
2/28/2025 6:23,,,,,,No,2,Check on monthly disability payment
2/28/2025 6:19,,,,,,,,
2/28/2025 6:01,,,,,,No,,Update information
2/28/2025 4:57,,,,,,No,2,"I'm trying to get into my account, but once again THE GOVERNMENT IS A CLUSTER5 fuck!!! THE FUCKING PROGRAME WON'T ALLOW ME TO ADD MY INFORMATION!!!! Obviously, someone that should have been fired wasn't."
2/28/2025 3:48,,,,,,No,2,Update my contact information.
2/28/2025 3:17,,,,,,No,2,trying to login to ID.me it wanted to update contact information and everything failed
2/28/2025 2:49,,,,,,No,1,I can't verify my identity because I've lived in germany for years and my state drivers license just expired. It doesn't make sense this is the only option when we are world wide service members. Why is passport not a option?
2/28/2025 2:45,,,,,,No,1,We’re sorry. Something went wrong on our end. Please refresh this page or try again later.
2/28/2025 0:56,,,,,,No,,
2/28/2025 0:55,,,,,,,,
2/28/2025 0:15,,,,,,No,3,Get my Vic card and copy of dd 214
2/27/2025 23:45,,,,,,No,1,Will not let me update contact info and it states No Name and will not let me add my name even though my name was entered when I set this up.
2/27/2025 23:34,,,,,,,,
2/27/2025 23:15,,,,,,No,2,
2/27/2025 22:53,,,,,,No,1,update my email address
2/27/2025 22:52,,,,,,No,1,update my phone number
2/27/2025 22:52,5,,4,5,4,,,
2/27/2025 22:51,,,,,,No,1,"I'm supposed to confirm my enrolment via text message, but the website won't let me add me phone number."
2/27/2025 22:46,,,,,,No,1,trying to setup login.gov account. cannot enter required confirmation information.
2/27/2025 22:43,,,,,,No,1,Contact info
2/27/2025 22:33,,,,,,No,2,Update address phone number
2/27/2025 22:30,,,,,,No,1,Unavailable pages to complete the tasks.
2/27/2025 22:19,1,it asks for info and then says it has a problem and aborts,5,2,5,,,
2/27/2025 21:55,,,,,,No,,
2/27/2025 21:53,,,,,,No,2,
2/27/2025 21:51,,,,,,No,,
2/27/2025 21:47,,,,,,No,1,Enter my contact information for my VA login
2/27/2025 21:46,,,,,,No,2,
2/27/2025 21:44,,,,,,,,
2/27/2025 21:32,,,,,,No,1,log in using login.gov
2/27/2025 21:32,,,,,,,,
2/27/2025 21:29,,,,,,,,
2/27/2025 21:27,,,,,,No,2,trying to add cell number-which you already have
2/27/2025 21:19,,,,,,No,1,"update contact info cell phone #, new address, email address. Tried Safari, then with windows tried Edge. We're sorry."
2/27/2025 21:16,,,,,,No,,See if Ahole Musk responds.  He's a dick
2/27/2025 21:08,,,,,,No,,
2/27/2025 21:00,,,,,,No,1,creat two factor authentication wont work for mr.
2/27/2025 20:43,,,,,,No,1,set up ID me
2/27/2025 20:43,,,,,,,,
2/27/2025 20:40,,,,,,No,,I live out side USA but I am not living in a military facility.  I have an international phone number.   Why is there no accommodations for vets living as civilians outside the USA. Concerning listing address and phone numbers.  This application needs to be changed and modified in order to accommodate foreign addresses and foreign phone numbers for veterans living retired outside the USA
2/27/2025 20:32,,,,,,No,1,Won't let me enter contact info keeps saying error is on your end
2/27/2025 20:10,,,,,,No,,
2/27/2025 20:04,,,,,,No,1,verify identity and your website is impossible to use.
2/27/2025 20:01,,,,,,Yes,4,
2/27/2025 20:01,,,,,,No,2,order new hearing aid filters
2/27/2025 19:51,,,,,,No,1,Create my account
2/27/2025 19:50,,,,,,No,1,"I tried to add contact information Like: Mobile Phone Number, Email address and Mailing address to create ID,me log in process. It got rejected all the time; states ""We're sorry. Something went wrong on our end. Please refresh this page or try again later. Why is that."
2/27/2025 19:48,,,,,,No,1,edit contact info Tried multiple times
2/27/2025 19:41,,,,,,No,1,enter contact information
2/27/2025 19:32,,,,,,No,1,edit mobile phone
2/27/2025 19:28,,,,,,No,1,set up an account
2/27/2025 19:28,,,,,,No,3,
2/27/2025 19:26,,,,,,No,,"Phone number, address, etc.  It keeps telling me there is a problem on your end.  I backed out then tried it again.  Still won't accept my info."
2/27/2025 19:22,,,,,,No,2,check benefits. The site won't let me update our information.
2/27/2025 19:17,,,,,,,,
2/27/2025 19:12,,,,,,No,2,Create an account
2/27/2025 19:11,,,,,,No,,"Update/add information like phone number, email, and address."
2/27/2025 19:09,,,,,,No,3,Add contact information for secondary ID information.
2/27/2025 19:08,,,,,,No,,
2/27/2025 19:07,,,,,,No,2,"I have tried to enter my contact information several times today and always get ""Something went wrong on our end...try again"""
2/27/2025 19:05,,,,,,No,1,update contact info for new VA website access
2/27/2025 18:54,,,,,,No,1,update my sign-in page
2/27/2025 18:40,,,,,,No,1,Trying to update information
2/27/2025 18:38,,,,,,,,
2/27/2025 18:31,,,,,,No,2,Trying to update my contact informatio0n
2/27/2025 18:31,,,,,,No,1,"Login to VA.GOV, View and edit my contact information. Kept getting message that ""We're Sorry. Something went wrong."""
2/27/2025 18:31,3,I haven't been able to get on the site,,,,,,
2/27/2025 18:30,,,,,,No,1,"You're page doesn't work.  Trying to update contact info and shows something didn't work.  Why it was ever changed in the first place, I have no idea.  It's caused a world of mess for me and now I'm running out of medicine and I can't get my West Plains VA to do anything.  Might as well have no benefits at all.  If I gave you this performance on the job, you'd fire me."
2/27/2025 18:29,,,,,,No,,Enroll for payments
2/27/2025 18:26,,,,,,No,2,"I'm trying to add my contact info and after clicking on any of the options, it says ""We're sorry something went wrong"" Refresh the page or try again later""."
2/27/2025 18:24,,,,,,No,1,Trying to enter personal information
2/27/2025 18:18,,,,,,No,1,create ID.me access.
2/27/2025 18:11,,,,,,No,1,"trying to add contact info. ""something went wrong, try again"".  Still didn't work."
2/27/2025 18:06,,,,,,No,2,unable to edit/ update contact information
2/27/2025 18:03,,,,,,No,1,Add my contact info
2/27/2025 18:01,,,,,,No,2,enter required information
2/27/2025 18:00,,,,,,No,1,Edit contact information  I'm an air force veteran
2/27/2025 17:57,,,,,,No,1,create a account
2/27/2025 17:57,,,,,,No,,I am trying to see if my log.gov account is entered and valid. It tells me to refresh the page and I have no idea how to do that.
2/27/2025 17:57,,,,,,,,
2/27/2025 17:57,,,,,,Yes,2,
2/27/2025 17:56,,,,,,,,
2/27/2025 17:56,,,,,,No,2,sign in and get ID card and available benefits
2/27/2025 17:46,,,,,,No,2,
2/27/2025 17:46,,,,,,No,2,Not letting input my information
2/27/2025 17:43,,,,,,No,1,Again tried to setup login.gov   same result  7753756780
2/27/2025 17:40,,,,,,No,1,"Establish & identify for a ""login.gov"" sign in:  when I tried to edit the cell # i get "" We're sorry something wrong on our end""  This iss the forth or fifth  time I have tried to do this   same result  7753756780 paul.schlehr@gmail.com"
2/27/2025 17:31,,,,,,,,
2/27/2025 17:26,,,,,,No,1,Add contact information
2/27/2025 17:24,,,,,,No,2,Site was too busy
2/27/2025 17:20,,,,,,,1,
2/27/2025 17:19,,,,,,,1,
2/27/2025 17:19,,,,,,No,1,log on to va.gov
2/27/2025 17:13,,,,,,No,2,
2/27/2025 17:08,,,,,,No,1,"Trying to set up my personal information on this website & it gives me the opportunity to edit my phone number, email, etc., yet, when I click on it, it tells me, ""We're sorry.  Something went wrong...."". This has happened three times now."
2/27/2025 17:06,,,,,,No,,log in
2/27/2025 17:06,,,,,,No,2,add my contact info - it won't let me enter any info
2/27/2025 17:05,,,,,,,,
2/27/2025 17:05,,,,,,No,1,Set up access to My Healthy Vet using Login.Gov.
2/27/2025 17:02,,,,,,No,1,Add contact information Kept getting error message when clicking on EDIT.
2/27/2025 16:58,,,,,,No,1,Add information
2/27/2025 16:54,,,,,,,,
2/27/2025 16:52,,,,,,No,1,I am trying to log into va.gov and edit my email phone number and mailing address so that I can login and obtain a certificate of eligibility to get a VA loan and it keeps telling me it’s unable to do that
2/27/2025 16:46,,,,,,No,3,would nor let me edit contact info.  It is correct has not changed in years.
2/27/2025 16:45,,,,,,No,1,Trying to file a claim for benefits
2/27/2025 16:40,,,,,,No,1,Text message my doctor
2/27/2025 16:37,,,,,,No,2,I tried to add my contact information and I had to try again later.
2/27/2025 16:31,,,,,,No,1,"Update my email,  phone number and address"
2/27/2025 16:30,,,,,,No,1,Can not create new My HealtheVet account because the system will not allow me to update my contact info. Continuous error messages on your end.
2/27/2025 16:29,,,,,,,,
2/27/2025 16:28,,,,,,No,1,Just trying to add my address and phone number. Are you guys still coding in Cobol? Good grief
2/27/2025 16:27,,,,,,No,1,
2/27/2025 16:27,,,,,,No,1,Cannot get information into system to create a Login.gov account
2/27/2025 16:25,,,,,,No,1,"Trying to do what you asked w/login. gov. you ask for update, then said your having problems. i want to get into my records (my Healthy Vet account."
2/27/2025 16:25,,,,,,,1,"i tried 7 times to log in but the same window pops up and tells me i can not log in because of a problem on your end. contact information: Harry H Rogers 455 Singleton Trace Diana, Texas 75640 903-935-4395"
2/27/2025 16:22,,,,,,No,1,Put in phone number
2/27/2025 16:20,,,,,,No,1,'Something went wrong' still cannot enter my contact info .  Please fix this mess!
2/27/2025 16:19,,,,,,No,2,Verify my account and add my contact information.
2/27/2025 16:16,,,,,,No,1,Apply for VA compensation benefits.
2/27/2025 16:15,,,,,,No,1,complete my new sign-in
2/27/2025 16:13,,,,,,No,2,enter my emailaddress-phone number-physical address
2/27/2025 16:10,,,,,,No,1,Can't edit my info to sign in
2/27/2025 16:09,,,,,,No,1,"we""re sorry message something wrong keeps popping up on update info page cant update nor continue on site"
2/27/2025 16:08,,,,,,No,2,cannot add contact info
2/27/2025 16:04,,,,,,No,1,change acct information as per notification on the main VA site
2/27/2025 16:04,,,,,,No,,Print a copy service verification
2/27/2025 16:04,,,,,,No,1,"UPDATE  CONTACT INFOMATION - INOP, SOMETHING WENT WRONG ON YOUR SITE. THREE TIMES TRIED TO EDIT."
2/27/2025 16:01,,,,,,No,3,"I was not able to edit to add my phone, email & address. Something wrong on your end."
2/27/2025 15:58,,,,,,No,1,"add info for verification, saying something went wrong on our end and try again or refresh, and nothing wors when I try either."
2/27/2025 15:57,,,,,,No,1,edit information apply info to new log in page
2/27/2025 15:54,,,,,,No,2,Trying to enter personal information
2/27/2025 15:53,,,,,,,1,update my contact information using an Apple computer using the Safari browser.
2/27/2025 15:52,,,,,,No,2,
2/27/2025 15:49,,,,,,No,2,Contact info
2/27/2025 15:48,,,,,,No,1,Establish a VA.gov ID.
2/27/2025 15:48,,,,,,No,,
2/27/2025 15:47,,,,,,No,2,We’re sorry. Something went wrong on our end. Please refresh this page or try again later.
2/27/2025 15:46,,,,,,No,1,Log in
2/27/2025 15:42,,,,,,No,1,"every single day I try to do something you are unable to do it , because something went wrong on hyour end"
2/27/2025 15:42,,,,,,No,1,joke
2/27/2025 15:41,,,,,,No,1,
2/27/2025 15:41,,,,,,No,3,"Update profile with email (manecda@gmail.com) and home address. FYI I don't have mobile phone only land line., therefore can't enter mobile phone number."
2/27/2025 15:39,,,,,,No,1,log into myhealthyvet
2/27/2025 15:37,,,,,,No,1,to login via LOGIN.Gov
2/27/2025 15:37,,,,,,No,,update personal info like email and phone
2/27/2025 15:36,,,,,,No,4,"Add a cell number, but I cannot since I live in Germany and have a german cell number"
2/27/2025 15:32,,,,,,No,1,Edit contact info for VA
2/27/2025 15:32,,,,,,No,,
2/27/2025 15:31,,,,,,No,2,Add contact information
2/27/2025 15:30,,,,,,No,2,"add contact info...mobile #, email, address"
2/27/2025 15:29,,,,,,No,1,Add contact information for ID me + WA
2/27/2025 15:28,,,,,,No,1,Update my login??!!
2/27/2025 15:26,1,Website doesn't work,5,3,5,,,
2/27/2025 15:23,,,,,,,1,keep getting kicked off site.
2/27/2025 15:23,,,,,,No,1,Sign in
2/27/2025 15:23,,,,,,No,1,
2/27/2025 15:23,,,,,,No,,
2/27/2025 15:23,,,,,,No,1,edit information
2/27/2025 15:22,,,,,,No,2,"Just trying to log on to re order presriptions. It is impossible to create an account, this is the scecond time.  I did create a new account before Jan 31, ordered meds, it has somehow vanished and am unable create another."
2/27/2025 15:22,,,,,,Yes,4,confirm new sign in set up
2/27/2025 15:22,,,,,,No,2,"edit phone number, email address & mailing address to set up a login.gov"
2/27/2025 15:21,,,,,,No,1,"Trying to setup new account in id.me. I tried to add my phone number,email and mailing address but got a message that your site had a problem try later"
2/27/2025 15:19,,,,,,No,1,
2/27/2025 15:18,,,,,,No,1,"Fillin info for mobile phone number.email address,and mailing address: as soon as I start typing it kicks me out..."
2/27/2025 15:17,,,,,,No,1,"Log in and add contacts. Error, sorry,but it;s fugged up on your end."
2/27/2025 15:17,,,,,,No,,Sign in
2/27/2025 15:17,,,,,,No,2,the web page did not allow me to enter/edit my personal info which was requested
2/27/2025 15:17,,,,,,,,
2/27/2025 15:10,,,,,,No,2,Login to renew prescriptions
2/27/2025 15:08,,,,,,No,1,trying to input edit info
2/27/2025 15:05,,,,,,No,3,"create logon and account but it says ""sorry something went wrong""..."
2/27/2025 15:01,,,,,,No,1,trying to create an IDME acc't - damn
2/27/2025 15:01,,,,,,No,3,"can't add mobile phone number, refreshing does not work, navigating back to the page does not work"
2/27/2025 14:59,,,,,,No,2,trying to se up va.gov new sign in and cannot .it wont accept e-mail or phone #. just says try  later but still dont work
2/27/2025 14:58,,,,,,No,1,Change my phone number
2/27/2025 14:57,,,,,,No,1,"Edit phone, email, address"
2/27/2025 14:55,,,,,,No,1,
2/27/2025 14:54,,,,,,No,1,
2/27/2025 14:52,,,,,,No,1,"I'm trying to find my health information by way of the va.gov website. Why can't I even get into the va.gov website? I try to provide my contact information and all I get is ""We're sorry, Something went wrong on our end. Please refresh this page or try again later."" It has done this to me for weeks now."
2/27/2025 14:52,,,,,,,,
2/27/2025 14:52,,,,,,No,1,log in to my account
2/27/2025 14:51,,,,,,,,
2/27/2025 14:51,,,,,,No,2,could not update contact info
2/27/2025 14:51,,,,,,,,
2/27/2025 14:48,,,,,,,,
2/27/2025 14:48,,,,,,No,4,Could not add contact information.
2/27/2025 14:47,,,,,,No,1,Add contact info.
2/27/2025 14:47,,,,,,No,1,I have tried several times to use this site to meet the new requirements for signing in without any success. It keeps kicking me out. I have never had any problems with the old VA sign.
2/27/2025 14:46,,,,,,No,1,sign in to my health-e vet and request a prescription refill
2/27/2025 14:46,,,,,,,1,
2/27/2025 14:46,,,,,,No,1,add info as requested
2/27/2025 14:44,,,,,,No,2,"tRYING TO ENTER EMAIL ADDRESS, HOME ADDRESS AND IT WON'T LET ME EDIT TO UPDATE INFO"
2/27/2025 14:44,,,,,,No,2,"add phone and email i.e., contact information"
2/27/2025 14:39,,,,,,No,2,Create login.gov acount
2/27/2025 14:37,,,,,,No,1,Need help to set up for new login procedures. 208-5771-6656
2/27/2025 14:33,,,,,,No,2,add contact info to VA.gov
2/27/2025 14:32,,,,,,No,,
2/27/2025 14:31,,,,,,No,4,"Trying to register for new site.  I have reached part to enter my cell phone, email, etc. but each time I click edit, it kicks me back.  Is it  the number of people trying to register or am I missing a step.   Thank you."
2/27/2025 14:30,,,,,,No,2,Log in with Login.gov
2/27/2025 14:28,,,,,,No,1,get a email from my doctor
2/27/2025 14:28,4,A little confusing.  Need to be more user friendly.,4,3,4,,,
2/27/2025 14:26,,,,,,No,,
2/27/2025 14:25,,,,,,No,1,Add contact info.
2/27/2025 14:23,,,,,,No,1,trying to add my contact info but unable to 'edit' and input
2/27/2025 14:23,1,IT WOULD NOT WORK,3,3,3,,,
2/27/2025 14:22,,,,,,No,2,
2/27/2025 14:21,,,,,,No,3,No login
2/27/2025 14:20,,,,,,No,1,login
2/27/2025 14:19,,,,,,No,1,"Trying to establish an account.  I cannot get past the ""enter my phone information page"""
2/27/2025 14:18,,,,,,No,,
2/27/2025 14:13,,,,,,No,1,add my personal information
2/27/2025 14:13,,,,,,No,1,LOGIN.GOV ACCOUNT
2/27/2025 14:12,,,,,,No,,I am trying to set up an account
2/27/2025 14:12,,,,,,No,1,
2/27/2025 14:10,,,,,,No,1,i have been trying 2 create my ID and nothing works
2/27/2025 14:09,,,,,,No,2,
2/27/2025 14:08,,,,,,No,3,Update my contact information
2/27/2025 14:07,,,,,,No,,
2/27/2025 14:04,,,,,,,,
2/27/2025 14:02,,,,,,No,1,Change my phone number.  But your web page lives 30 years ago and don't accept international numbers
2/27/2025 14:00,,,,,,No,2,add my contact information
2/27/2025 14:00,,,,,,No,1,trying to change address
2/27/2025 13:52,,,,,,No,1,sign in and could not load information
2/27/2025 13:52,,,,,,No,3,update contact info...
2/27/2025 13:51,,,,,,No,2,Establish my DoD CAC as an adjunct authenticator
2/27/2025 13:48,,,,,,,,
2/27/2025 13:45,,,,,,No,3,"Try to verify phone number, email address and home address"
2/27/2025 13:45,,,,,,No,3,update information
2/27/2025 13:45,,,,,,No,1,Add contact information fails to load
2/27/2025 13:43,,,,,,No,1,I'm trying to sign up for Login.gov and give you all the requested info so that I comply before March 4 in ending use of MyHealthEVet. It doesn't let me put in the information.  I've tried 4-5 different times since you started saying MyHealthEVet was going away.
2/27/2025 13:36,,,,,,No,1,add my information and get my identity verified
2/27/2025 13:36,,,,,,No,2,"Finish new sign in tasks, 3rd try"
2/27/2025 13:32,,,,,,No,2,"Tried to update profile, but said I couldn't at this time.  I don't understand about this change that we are to do.  It appears that I am reopening the same login but required to change password? I did that so is that all i have to do for this required change?"
2/27/2025 13:31,,,,,,No,1,I was just trying to set up my account and it would not let me put in my personal information just stuff like name address etc.
2/27/2025 13:31,,,,,,No,2,"Trying to login, no success.  Is your system down?"
2/27/2025 13:30,,,,,,,,
2/27/2025 13:27,,,,,,Yes,,
2/27/2025 13:27,,,,,,No,1,add my contact information.
2/27/2025 13:26,,,,,,No,2,login to va.gov
2/27/2025 13:24,,,,,,No,1,
2/27/2025 13:22,,,,,,No,3,Set up the new login
2/27/2025 13:21,,,,,,No,1,log in
2/27/2025 13:16,,,,,,No,,
2/27/2025 13:15,,,,,,No,1,Your site continually crashes when inputting information or trying to update my account.  It's beyond absurd now.
2/27/2025 13:14,,,,,,No,1,Create an account
2/27/2025 13:14,,,,,,No,1,"It ask me to enter Mobile Phone, Email Address and home address. I tried to enter my mobile phone number I got "" We're sorry. Something went wrong."""
2/27/2025 13:13,,,,,,No,1,every time i try to log in there is something wrong
2/27/2025 13:13,,,,,,No,1,"edit personal information, keeps saying something went wrong. to try again.  tried 4 times.   still get same message."
2/27/2025 13:10,,,,,,No,2,"open my account. I was asked for my tel#,email address, and mailing address and each time with each an error message said something happened to refresh. after several tries I am sending this"
2/27/2025 13:08,,,,,,No,2,
2/27/2025 13:05,,,,,,No,3,Update my information.
2/27/2025 13:02,,,,,,No,,Update contact information
2/27/2025 13:00,,,,,,No,3,"could not edit my phone number, e-mail, or mailing address for final task for access after 4 March 2025"
2/27/2025 12:58,,,,,,,1,"my phone number is 805-231-9250, my email is robandersonconlee@yahoo.com. You have my wifes info  as mine. Please   have someone call me."
2/27/2025 12:54,,,,,,No,1,I’m trying to update my personal information but screen says there’s a problem on your end.
2/27/2025 12:51,,,,,,No,1,Acces my  login&gtgov Account
2/27/2025 12:49,,,,,,No,3,Update my signing information base on a message received from you (VA)
2/27/2025 12:48,,,,,,No,1,website will not let me add contact info.
2/27/2025 12:48,,,,,,No,1,
2/27/2025 12:47,,,,,,No,1,the site will not allow me to update my contact information
2/27/2025 12:47,,,,,,No,1,Add contact info--something went wrong on your end...try again won't let me input my info
2/27/2025 12:47,,,,,,No,1,"trying to update my contact info,=. The site says to  contact later due to the sites fault. I have been try ing  to give info. but no results."
2/27/2025 12:46,,,,,,No,1,Verify my personal information
2/27/2025 12:44,,,,,,No,,
2/27/2025 12:43,,,,,,No,2,sign in
2/27/2025 12:42,,,,,,No,,
2/27/2025 12:38,,,,,,,1,CANNOT GET TO LENDER REAPPROVAL?
2/27/2025 12:35,,,,,,No,1,"I have tried to get into the new log on page for  MONTHS.  it has never worked,  you have totally messed up what was a working system.  get it together and stop setting dates that I need to do things,  your a mess"
2/27/2025 12:35,1,"because I've been trying to do this for 2 months - my one question is ""why do ya'll change something that I have had for Years???????",1,3,3,,,
2/27/2025 12:34,,,,,,No,,sign in
2/27/2025 12:32,,,,,,No,1,I'm trying to add my phone number because I received an email saying that was necessary to receive education benefits. I could not do that.
2/27/2025 12:30,,,,,,No,2,
2/27/2025 12:29,,,,,,No,2,"I tried to register on the VA.GOV website. I got half-way there and then the website said ""something went wrong"". This probably took me 30 minutes and now it says I will probably have to call again and start over. It is not a good day."
2/27/2025 12:28,,,,,,No,1,unable to edit my personal info
2/27/2025 12:27,,,,,,No,1,"update my mobile phone, e-mail and address. when I click on the edit button I get an error which says try back later which I have done several times"
2/27/2025 12:24,,,,,,No,2,edit contact information
2/27/2025 12:24,,,,,,No,1,sign in
2/27/2025 12:24,,,,,,No,,
2/27/2025 12:23,,,,,,No,1,Sign in
2/27/2025 12:22,,,,,,No,1,
2/27/2025 12:19,,,,,,,1,
2/27/2025 12:17,,,,,,No,1,it always says something went wrong
2/27/2025 12:16,,,,,,No,2,Add my contact information.Keep getting a message that something is wrong at your end
2/27/2025 12:16,,,,,,,1,
2/27/2025 12:14,,,,,,No,1,
2/27/2025 12:14,,,,,,No,3,doing my contact information
2/27/2025 12:12,,,,,,No,2,I was trying to create my new account
2/27/2025 12:11,,,,,,No,1,I don't know why VA has so much trouble with their computers!
2/27/2025 12:09,,,,,,No,1,"my daughter is trying to make an account but none of the links to add phone, address, or email work.  Seems like this page has a lot of bad links"
2/27/2025 12:07,,,,,,,,
2/27/2025 12:07,,,,,,No,1,sign-in
2/27/2025 12:03,,,,,,No,1,kept getting error message
2/27/2025 12:01,,,,,,No,2,It won't accept my info please  fix this.
2/27/2025 11:59,,,,,,No,2,Input phone number & address
2/27/2025 11:58,,,,,,No,1,edit personal information
2/27/2025 11:57,,,,,,No,1,create new sign in
2/27/2025 11:53,,,,,,Yes,3,Trying to put in phone number
2/27/2025 11:52,,,,,,No,1,review claim status
2/27/2025 11:51,,,,,,No,1,persona info
2/27/2025 11:48,,,,,,No,2,add my contact info.page says you  have a problem i cant finish it
2/27/2025 11:48,,,,,,No,1,"Add email, phone. Address"
2/27/2025 11:47,,,,,,,2,
2/27/2025 11:42,,,,,,No,1,
2/27/2025 11:41,,,,,,No,1,"Trying to set up new login but not able to finish. Doesn't let me put in phone number, email address, or home address."
2/27/2025 11:40,,,,,,No,1,Edit personal information
2/27/2025 11:39,,,,,,No,1,create sign in account
2/27/2025 11:36,,,,,,No,1,"edit my personal information. I was told something went wrong on your end,"
2/27/2025 11:36,,,,,,No,2,Get into secure mail
2/27/2025 11:35,,,,,,No,3,Up dating my contact information
2/27/2025 11:35,,,,,,No,,
2/27/2025 11:33,,,,,,No,2,I was trying to add contact information to me new login.gov account but I got an error saying something went wrong.
2/27/2025 11:32,,,,,,No,1,edit personal information
2/27/2025 11:30,,,,,,No,1,personal info
2/27/2025 11:28,,,,,,No,,Add phone number.
2/27/2025 11:28,,,,,,No,1,cannot edit contact info
2/27/2025 11:27,,,,,,No,2,"Can't load phone, email, or mailing address."
2/27/2025 11:23,,,,,,No,1,system not working
2/27/2025 11:22,,,,,,No,1,Trying to login with my.id but it says my account has been deactivated and to created new account.  I having problems putting in my personal information.
2/27/2025 11:21,,,,,,,,
2/27/2025 11:19,,,,,,No,,
2/27/2025 11:15,1,constantly says system not ready when I try to edit my contact information and it will not let me continue on the website to log in and take care of business,3,1,1,,,
2/27/2025 11:15,,,,,,No,,
2/27/2025 11:14,,,,,,No,2,
2/27/2025 11:13,,,,,,No,1,"Login to my VA account to add medical information missed when I applied.  I can't get to the point of adding my contact information,"
2/27/2025 11:13,,,,,,No,1,Update contact information
2/27/2025 11:08,,,,,,No,1,I was trying to verify my information about email and mailing address
2/27/2025 11:07,,,,,,No,1,New sign in stinks.
2/27/2025 11:06,,,,,,No,3,Necessary VA requirements
2/27/2025 11:04,,,,,,No,3,"edit phone number, email, and mailing address, web site kept saying, ""We're sorry. Something went wrong on our end etc."""
2/27/2025 10:48,,,,,,No,1,I could not update anything to get a current VA card.  My old one expired.
2/27/2025 10:48,,,,,,No,1,"Update my contact info  kept saying sorry, somethings wrong on our end? This has been going on for weeks"
2/27/2025 10:45,,,,,,No,,"I was trying to put my personal information in and the site seems to have issues, so it won't let me do it.."
2/27/2025 10:42,1,"Would not accept option to update phone, email or mail address and then wouldn't let me onto site because those items were missing.",1,1,1,,,
2/27/2025 10:39,,,,,,No,,
2/27/2025 10:37,,,,,,No,1,edit information
2/27/2025 10:37,,,,,,No,,Add my phone number name and address
2/27/2025 10:31,,,,,,No,1,"Not able to ""Edit"" any of the required information to verify me."
2/27/2025 10:30,3,"Because you're asking me to evaluate the system before I even have a chance to do what I came to the site to do, and I've just spent over an hour unsuccessfully trying to work with people on VA phone lines on the same issue and am losing time and am frustrated by inefficiencies.",2,2,1,,,
2/27/2025 10:29,,,,,,No,1,unable to update contact information
2/27/2025 10:29,,,,,,No,1,"Get logged into the new ID Login.gov. The website would not let me add my cell number, email address or mailing address to continue the process."
2/27/2025 10:29,,,,,,No,2,"I was trying to update my personal information, such as, mobile number, email address, and other information. When I clicked on the edit button, I was giving a message stating that, ""We're sorry. Something went wrong, please try to refresh."" I've experienced this for two days now."
2/27/2025 10:25,,,,,,No,2,Update contact info
2/27/2025 10:23,,,,,,No,1,"Trying tom sign into ID Me and I find that this is the most redon it site I have ever run into. I always had no trouble with the VA site but every time I try to sign into this sign and DS LOGon I run into nothing but problems. I am so fed up with these so called easy sites. You had a system that worked but you could not leave ti alone, so made it harder for older people to use, THANK YOU VERY MUCH!!!! IF it works screw it up so it doesn't work."
2/27/2025 10:23,,,,,,No,1,"Login to My HealthEVet.  This keeps asking me to do the whole registration for ID.me over and over again.  I need help, but there is no source of help available that I can find."
2/27/2025 10:21,,,,,,No,,I want to update my contact info phone number. I can not do that.
2/27/2025 10:20,,,,,,No,1,"myhealthyvet was supposed to send a code to my phone, but that didn't work.  I called to get the code & got one.  After I put that in the message said something failed at their end.  3 employees at the va tried setting this up for me & couldn't get it to work."
2/27/2025 10:20,,,,,,No,1,Ask question about Hud-Vash.
2/27/2025 10:12,,,,,,No,2,Update contact information
2/27/2025 10:08,,,,,,Yes,3,
2/27/2025 10:07,,,,,,Yes,3,
2/27/2025 10:06,,,,,,No,1,"Log into ID.ME, Will not let you input verifying information. Says something went wrong on your end, try again later.  Been doing this all week.  Fix it!"
2/27/2025 10:05,,,,,,No,2,try as i can i cannot make this work. Now it says it   needs information that the VA has had for over 15  years
2/27/2025 10:04,,,,,,No,1,why ask for an update on contact information when we cannot edit or add the information. Please fix the problem on your end.
2/27/2025 10:04,,,,,,,,
2/27/2025 10:01,,,,,,No,1,"edit phone,email address and address. Not able to."
2/27/2025 9:57,,,,,,No,2,page would not load
2/27/2025 9:56,,,,,,No,,Claim status
2/27/2025 9:56,,,,,,No,2,"error message came up, and page would not load."
2/27/2025 9:54,,,,,,No,1,create account
2/27/2025 9:50,,,,,,No,1,add my personal information
2/27/2025 9:49,,,,,,No,2,access my appointment history
2/27/2025 9:46,,,,,,No,2,"Adding phone number, email, physical addresss"
2/27/2025 9:43,,,,,,No,1,"Provide required ID info, the same ""We're sorry....."" msg has consistently been displayed for months.  It does not work."
2/27/2025 9:41,,,,,,No,1,"Trying to update contact info ===Received ""We're sorry something went wrong on our end"". Refreshed, no joy! Retry, no joy!!"
2/27/2025 9:40,,,,,,No,1,order prescriptions and create id.me due to my healthvet discontinued
2/27/2025 9:32,,,,,,No,1,update contact information
2/27/2025 9:31,,,,,,No,1,update contact information
2/27/2025 9:30,,,,,,,,
2/27/2025 9:30,,,,,,No,1,Not able to edit multiple times
2/27/2025 9:27,,,,,,No,1,"Will not allow me to update mobile phone, email, or address. States it is an error on your side."
2/27/2025 9:26,,,,,,No,1,Log in.  Got error message: We’re sorry. Something went wrong on our end. Please refresh this page or try again later.
2/27/2025 9:18,,,,,,No,2,register by March 4th
2/27/2025 9:16,,,,,,No,,
2/27/2025 9:11,,,,,,,,
2/27/2025 9:03,,,,,,No,1,we're sorry something went wrong
2/27/2025 9:01,,,,,,No,1,Your site is too sensitive and ridiculous. It is NOT user friendly. The geek that designed it should be fired!
2/27/2025 9:01,,,,,,,,
2/27/2025 9:01,,,,,,No,1,"You keep sending me urgent messages to update my contact information, but then your system does not allow it to be done. This is troubling and frustrating."
2/27/2025 8:57,,,,,,Yes,3,850 866 1769  captleon2010@gmail.com
2/27/2025 8:56,,,,,,No,3,Trying to update information. Error message reading: We’re sorry. Something went wrong on our end. Please refresh this page or try again later.
2/27/2025 8:55,,,,,,No,3,Update to current information. Message reading: We’re sorry. Something went wrong on our end. Please refresh this page or try again later.
2/27/2025 8:54,,,,,,,,
2/27/2025 8:54,,,,,,No,3,Update information. message reading: We’re sorry. Something went wrong on our end. Please refresh this page or try again later.
2/27/2025 8:54,,,,,,No,4,Add personal information
2/27/2025 8:54,,,,,,,,
2/27/2025 8:48,,,,,,No,1,update contacct info - no luck
2/27/2025 8:45,,,,,,No,1,"i have tried several time to complete my information and i keep getting this, We’re sorry. Something went wrong on our end. Please refresh this page or try again later."
2/27/2025 8:35,1,I can't get into my husband's account.  All this security makes it impossible to access his information.  I do this for him because he can't do it himself. Heidi Spaller,1,,4,,,
2/27/2025 8:33,,,,,,No,1,your website will not let me go further. tried 3 times Robert Lemal
2/27/2025 8:28,,,,,,No,1,I have been trying for almost a hour to follow the prompts to update my VA.GOV sign in but just get so far and I repeatedly get this-We’re sorry. Something went wrong on our end. Please refresh this page or try again later. GET THIS CRUD FIXED NOW!!!
2/27/2025 8:24,,,,,,,3,sign in to new login.gov
2/27/2025 8:24,,,,,,No,1,Add my contact info.
2/27/2025 8:22,,,,,,,,
2/27/2025 8:21,,,,,,No,,Setting up my VA portal on logon.gov.......very poor!!!!
2/27/2025 8:19,,,,,,No,1,"Create new account to comply with new sign in requirements.  Add your contact info page said ""Something went wrong on our end...""  Could not continue with process.  My phone number is 919-260-6219 (call-do not text)."
2/27/2025 8:17,,,,,,No,1,
2/27/2025 8:06,,,,,,No,,
2/27/2025 8:05,,,,,,,,
2/27/2025 7:49,,,,,,No,1,
2/27/2025 7:49,,,,,,No,2,Add personal information.
2/27/2025 7:44,,,,,,No,2,fill in contact information
2/27/2025 7:40,,,,,,No,3,"entering mobile phone ,email, mailing address"
2/27/2025 7:39,,,,,,No,1,"I was asked to update my information but every attempt was: ""sorry but something went wrong om our end."""
2/27/2025 7:38,,,,,,,,
2/27/2025 7:37,,,,,,No,,
2/27/2025 7:36,,,,,,No,2,Update info.
2/27/2025 7:29,,,,,,No,1,edit phone
2/27/2025 7:04,,,,,,No,2,"Provide email address, mailing address, phone number"
2/27/2025 6:53,,,,,,No,1,The site will not let me enter my contact information.
2/27/2025 6:50,,,,,,No,1,We’re sorry. Something went wrong on our end. Please refresh this page or try again later.
2/27/2025 6:47,,,,,,No,3,
2/27/2025 6:45,,,,,,Yes,,
2/27/2025 6:35,,,,,,No,,Something keeps going wrong on your end I can't enter my information
2/27/2025 6:33,,,,,,No,,Enter my information
2/27/2025 6:02,,,,,,No,1,Trying to change my address and my phone number and it says unable to help me for two days. It’s been like this.
2/27/2025 5:58,,,,,,Yes,,
2/27/2025 5:52,,,,,,No,2,Trying to update my new address do to PCS. My new Address is  PSC 704 Box 2622 APO AP 96338-0023  I tried a couple of times and the site could not be changed. I hope this email will work. Thank you
2/27/2025 5:51,,,,,,No,1,Your error message on your side.  Typical government.  Maybe Elon needs to do some house cleaning.
2/27/2025 5:40,,,,,,No,1,
2/27/2025 5:39,,,,,,No,3,You are asking me to add my cell phone number to my record. When I try to do that your web form only accepts US numbers. I have lived overseas for 12 years now and don't have a US number. My cell phone number is +66 95 067 5059
2/27/2025 5:18,,,,,,No,2,"Set up an account (ie. Add personal info..phone #, address, etc.)"
2/27/2025 5:14,,,,,,No,1,Updating info
2/27/2025 4:31,,,,,,No,1,"update address, phone number, and email"
2/27/2025 4:12,,,,,,,,
2/27/2025 3:31,,,,,,No,2,could not add contact imfo.
2/27/2025 3:22,,,,,,No,2,"Contact info.  You need me to edit TEL no, email and something else but none of worked. Each time I hit the edit button, the message was ""SOMETHING WENT WRONG""  ..typical but very frustrating. I think I try multiples way with multiples log in's  with this ID.Me, but your system is full of errors   I can't believe this is better then MyHealthyVet ?   I am curtain Elon Must is correct. This system needs to delete for a newer version."
2/27/2025 2:57,,,,,,No,2,Access my dd-214
2/27/2025 2:43,,,,,,No,1,Always a SNAFU VA.gov homeMy VAAdd your contact information Add your contact information Step1 of 2 We’ll save your application on every change. We’re sorry. Something went wrong on our end. Please refresh this page or try again later.
2/27/2025 2:34,,,,,,,,
2/27/2025 2:15,,,,,,No,3,Edit phone number and get id.me setup with my photo ID.
2/27/2025 2:14,,,,,,No,1,logging in to update mobile phone and address
2/27/2025 1:53,,,,,,No,1,access my account
2/27/2025 1:18,,,,,,No,2,"I am notified the government (VA) does not have my email address, phone number, and home address. I attempt to provide the data the government required, then I am advised, I cannot add my required data. I have attempted to comply and at one time, I completed all data request satisfactorily."
2/27/2025 0:52,,,,,,No,1,you require contact info and won't allow it to be entered
2/27/2025 0:44,,,,,,No,3,update my info
2/27/2025 0:39,,,,,,,,
2/27/2025 0:32,,,,,,No,1,
2/26/2025 23:55,,,,,,No,1,"Terrible system.  Complete run around and wanting more and more info.  Stuck with ability to confirm while my refills aren't being delivered, why I cant check on my claim review thats been in 3 months.  Terrible system."
2/26/2025 23:50,,,,,,No,1,Can't do much of anything. tried signing in with my ID me acct kept timing out finally switched to gov ID but still vannot get anything done
2/26/2025 23:48,,,,,,No,2,Trying to upload my Cell Phone number but l live in Germany 🤔 +49 179-4960557
2/26/2025 23:35,,,,,,No,1,"Trying to update to new log in, Can't edit phone number, email & address"
2/26/2025 23:12,,,,,,,1,We’re sorry. Something went wrong on our end. Please refresh this page or try again later.
2/26/2025 23:12,,,,,,No,1,keeps saying refresh page or come back later been three days
2/26/2025 23:10,,,,,,No,2,Trying to get account strait but won't allow me to put in phone and email
2/26/2025 22:58,,,,,,No,1,Not loading
2/26/2025 22:58,,,,,,No,2,Input contact information and said was error
2/26/2025 22:49,,,,,,No,1,Set up Healthevet account
2/26/2025 22:40,,,,,,,,
2/26/2025 22:31,,,,,,No,1,Sign in and apply for benefits
2/26/2025 22:25,,,,,,,,
2/26/2025 22:24,,,,,,No,1,"Trying to add my phone number, the site sats something went wrong on our end every day for 7 days straight"
2/26/2025 22:21,,,,,,No,1,sign in with this stupid new log in system
2/26/2025 22:20,,,,,,,,
2/26/2025 22:15,,,,,,No,1,kiss MUSKs ass
2/26/2025 22:11,,,,,,No,1,look into veteran's burial
2/26/2025 22:09,,,,,,No,2,Add contact info
2/26/2025 22:04,,,,,,No,1,adding contact info
2/26/2025 22:01,,,,,,No,1,Cannot update contact info
2/26/2025 22:01,,,,,,No,1,"Update my phone number, email address, and address in the Login.gov website but it keep saying something went wrong on their part."
2/26/2025 21:49,,,,,,No,1,
2/26/2025 21:49,,,,,,,3,
2/26/2025 21:48,,,,,,No,1,
2/26/2025 21:45,1,Setting up my account with Login.gov is very frustrating and aggravating.,2,2,4,,,
2/26/2025 21:43,,,,,,No,1,"Create a login.gov account -- but the site would not let me add (by editing) my contact information. ""Something went wrong on our end."" I need to get this done by March 4 -- how can I do it if things go wrong on your end?"
2/26/2025 21:33,,,,,,,,
2/26/2025 21:32,,,,,,No,3,
2/26/2025 21:31,,,,,,No,,
2/26/2025 21:23,,,,,,No,1,I do not have a mobile phone. System would not allow me toinput email or address
2/26/2025 21:11,,,,,,,4,
2/26/2025 21:10,,,,,,,,
2/26/2025 21:09,,,,,,No,4,Tried to edit email and phone number and received message that something went wrong
2/26/2025 21:04,,,,,,,,
2/26/2025 21:02,,,,,,No,1,Add contact information to my account. Error code three times after refreshing page.
2/26/2025 21:01,,,,,,No,1,This system isn't allowing me to update contact information.
2/26/2025 20:57,,,,,,No,1,creating a new sign in. your server kept crashing out when i tried to update contact info
2/26/2025 20:56,,,,,,No,2,trying to sign up for survivor benefits
2/26/2025 20:56,,,,,,No,3,create an account
2/26/2025 20:54,,,,,,,1,"Trying to log into my Login.gov and that did not work, tried ID.me and that also did not work."
2/26/2025 20:53,,,,,,No,2,"I'm the process of trying to get my Login.gov account set up, but every time I try to edit my contact info as directed, the system comes back with an error on the VA side.  I need to update my info to continue with my inquiries."
2/26/2025 20:47,,,,,,No,1,Get into VA.gov to see claim status
2/26/2025 20:44,,,,,,No,,
2/26/2025 20:43,,,,,,,,
2/26/2025 20:36,,,,,,No,1,trying to log into my info. It just keeps telling me that something went wrong. Just keep trying back.
2/26/2025 20:32,,,,,,No,2,Add my contact information
2/26/2025 20:30,,,,,,No,,
2/26/2025 20:30,,,,,,No,1,"I was trying to update my contact info, and I keep getting error messages. Please advise,  Thanks,   SGT(P) Kevin R. McGee (RET)"
2/26/2025 20:29,,,,,,No,1,Tried to switch from MyHealthVet login to Login.gov. Fourth try. I got a message saying something went wrong before I could enter or change information. Making this switch has been the worst VA experience ever. I have tried for months.
2/26/2025 20:24,,,,,,,,
2/26/2025 20:23,,,,,,No,2,add contact information so I could upload a form
2/26/2025 20:23,,,,,,,2,
2/26/2025 20:20,,,,,,No,2,having trouble updating address and other information
2/26/2025 20:17,,,,,,,,
2/26/2025 20:16,,,,,,No,2,create a Login.gov account
2/26/2025 20:15,1,I signed using my login.com user & pw,5,3,2,,,
2/26/2025 20:13,,,,,,,,
2/26/2025 20:11,,,,,,No,1,"put in my contact information, will not let me do this."
2/26/2025 20:10,,,,,,No,,
2/26/2025 20:10,,,,,,No,2,It would not  allow me to input phone orr address.
2/26/2025 20:08,,,,,,Yes,,
2/26/2025 20:06,,,,,,No,2,"I was trying to add my contact information on the site, but it keeps saying ""sorry there was a problem on our end""."
2/26/2025 20:02,1,It never fails.  VA system of creating a new log in does not work and there is no help available.  Same with calling your primary care team.  Same with anything.,1,3,1,,,
2/26/2025 20:01,,,,,,No,2,Unable to update personal contact information.
2/26/2025 19:53,,,,,,Yes,,
2/26/2025 19:52,,,,,,No,1,trying to get into my account . I went to va seminar about the new sign in changes and had them check all information it correct came home and signed in and it worked . now they wont personal information.they have all of
2/26/2025 19:47,,,,,,No,1,Log in
2/26/2025 19:47,,,,,,No,,
2/26/2025 19:46,,,,,,No,,
2/26/2025 19:45,,,,,,No,1,Again login.gov is a complete failure. It asks for personal information then won't take it. I am completely cut off from myhealthyvet. I need to notify them about a VA appointment that has been rescheduled but cannot because the system does not work.
2/26/2025 19:43,,,,,,No,2,Contact Information page for creating a new account is down
2/26/2025 19:40,,,,,,No,1,Access my VA award letter
2/26/2025 19:35,,,,,,No,2,"update contact info.  Could not, the website is down saying ""something went wrong on our side.............."
2/26/2025 19:28,,,,,,No,2,"edit and add my mobile phone, address and email.  Keep getting the message that an error occurred on your end."
2/26/2025 19:25,,,,,,No,2,"Tried to log in and the site keeps saying it needs my info updated,when I try it says your experiencing problems"
2/26/2025 19:23,,,,,,No,1,
2/26/2025 19:23,,,,,,No,1,update info
2/26/2025 19:21,,,,,,No,,
2/26/2025 19:19,,,,,,No,3,Get new security setup to access VA.  I do not know if I have achieved this.
2/26/2025 19:13,,,,,,No,1,"This is ridiculous,  I can't enter my contact info to set up an account.  It says ""We’re sorry. Something went wrong on our end. Please refresh this page or try again later."" Do better."
2/26/2025 19:05,,,,,,No,1,finish requested info
2/26/2025 18:54,,,,,,No,1,Add contact information
2/26/2025 18:50,,,,,,No,2,add my contact information to my ID.me account
2/26/2025 18:50,,,,,,No,1,"edit phone number email and address, system would not let me"
2/26/2025 18:49,,,,,,No,2,trying to add contact info
2/26/2025 18:47,,,,,,Yes,,
2/26/2025 18:47,,,,,,,,
2/26/2025 18:46,,,,,,No,1,cant add my contact information
2/26/2025 18:43,,,,,,No,1,Charles Willis Ball
2/26/2025 18:42,,,,,,No,1,
2/26/2025 18:38,,,,,,Yes,1,u[date information you should already have
2/26/2025 18:37,,,,,,No,1,update information you should already have
2/26/2025 18:37,,,,,,No,1,Alleged update of information you should already have
2/26/2025 18:34,,,,,,No,1,Send additional information for VA claim.
2/26/2025 18:31,,,,,,No,1,"Add my contact information that you ask for, but always answer with: ""We're sorry. Something went wrong on our----""  What's the scoop?"
2/26/2025 18:29,,,,,,No,2,update my contact information. I had tried this before and got the same error....error on your end refresh or try again later...very frustrating
2/26/2025 18:26,,,,,,No,2,add myself to veteran's acct
2/26/2025 18:23,,,,,,No,2,set up ID me
2/26/2025 18:19,,,,,,No,1,Trying to login but not able to.
2/26/2025 18:17,,,,,,No,3,
2/26/2025 18:12,,,,,,No,1,"Im trying to enter my contact info, and it doesn't fucking work. Like you idiots don't already have my contact info. Sort your shit out!"
2/26/2025 18:02,,,,,,No,3,Verify contact information.
2/26/2025 18:00,,,,,,No,1,
2/26/2025 17:55,,,,,,No,3,Trying to complete a Login.gov account for access to my MyHealth VA account.  Something went wrong at your end.  Will try to finish later after trying to refresh the web page four times already!
2/26/2025 17:53,,,,,,,,
2/26/2025 17:50,,,,,,No,1,"This VA ""Login.gov"" website ABSOLUTELY SUCKS as I have not only tried to determine if I do, or don't, have an established ""Login.gov"" access complete with User I. D. and Password but, no matter what I do in the VA's MERRY-GO-ROUND but I've been bounced around far too may times and I'm now at the THIRD Toll Free Number to hopefully, receive some alleged VA assistance in getting this successfully done & I just new I should have packed a lunch for this LONG evolution!"
2/26/2025 17:49,,,,,,,4,
2/26/2025 17:44,,,,,,No,3,
2/26/2025 17:42,,,,,,No,2,Update contact information
2/26/2025 17:41,,,,,,No,1,update my profile info: phone email
2/26/2025 17:37,,,,,,No,2,
2/26/2025 17:34,,,,,,No,2,
2/26/2025 17:29,,,,,,No,1,"Update info IE Phone, Email ETC"
2/26/2025 17:24,,,,,,No,1,"edit phone, email, mailing address"
2/26/2025 17:19,,,,,,No,2,"I was trying to edit my contact information, because your website said I needed to update my contact information.  I also followed the instructions to try to refresh the page before attempting to edit or follow your kooky instructions, and that did not work either."
2/26/2025 17:17,,,,,,No,2,"Edit contact information.  Your system says something went wrong on your end.  I think you have my contact information, because you sent me a text message to give me a code to access this website.  You do have issues."
2/26/2025 17:12,,,,,,No,2,
2/26/2025 17:10,,,,,,No,1,"update my profile...when I clicked the ""edit"" button to update my cell phone number (WHICH BY THE WAY HAVE HAD FOR YEARS!!!) the application gives me a lame ""We're sorry.  Something went wrong on our end.   Please refresh this page or try again"".   Maybe your IT contractor should beware of DOGGE...  pitiful...I've been an IT Guru for 45 years and I've never had so much trouble over the YEARS of signing into a two-factor authentication site.  Are you kidding me!   Terrible application programming"
2/26/2025 17:08,,,,,,No,1,"include contact infromation. "" something went wrong"""
2/26/2025 17:08,,,,,,No,1,I'm trying to update my contact information but just get message that sonething went wrong.
2/26/2025 17:07,,,,,,No,1,Provide additional information for a claim.
2/26/2025 17:02,,,,,,No,3,add contact info
2/26/2025 17:00,,,,,,No,3,"Add Contact information & it said ""We're Sorry. Something went wrong....."""
2/26/2025 16:57,,,,,,No,3,Add my contact information.
2/26/2025 16:56,,,,,,No,2,Enter my contact information.
2/26/2025 16:53,,,,,,No,1,trying to create and ID me account
2/26/2025 16:52,,,,,,No,1,We’re sorry. Something went wrong on our end. Please refresh this page or try again later.
2/26/2025 16:51,,,,,,No,,
2/26/2025 16:45,,,,,,No,1,Add phone number
2/26/2025 16:42,,,,,,No,,
2/26/2025 16:40,,,,,,,,
2/26/2025 16:39,,,,,,No,1,sign in
2/26/2025 16:39,,,,,,No,2,SigtoVA.govtogetaTravelform
2/26/2025 16:37,,,,,,,,
2/26/2025 16:37,,,,,,,,
2/26/2025 16:35,,,,,,No,1,
2/26/2025 16:29,,,,,,No,,Keeps saying something wrong on your end when trying to update information
2/26/2025 16:29,,,,,,No,3,Edit page still  has problems..instructions are REFRESH and TRY LATER…
2/26/2025 16:28,,,,,,No,2,enroll  I can't.  I blame Musk.
2/26/2025 16:26,1,Too many hoops to jump through. You make things too difficult.,1,1,3,,,
2/26/2025 16:24,,,,,,No,2,Edit phone email and address
2/26/2025 16:22,,,,,,No,3,It gave me an error
2/26/2025 16:19,,,,,,No,2,"Add my contact information.  It says ""something went wrong, try later""  This is my third attempt, is this page ever going to work?"
2/26/2025 16:17,,,,,,,,
2/26/2025 16:09,,,,,,No,1,"sign in to account.  It asked to edit my information but I was told on two seperate occasions that the system was not working and to try later,"
2/26/2025 16:09,,,,,,No,2,"Could not add email, phone number or address.  Your application had as issue,  Correct  the issue.  It is foolish for you to demand a change then you can't support it.  I expect better. LTC Dalzell.  A Vet"
2/26/2025 16:07,,,,,,No,2,Set up my account profile.
2/26/2025 16:01,,,,,,No,1,sign in
2/26/2025 15:58,,,,,,No,1,unavailable error
2/26/2025 15:56,,,,,,No,1,Trying to get new ID
2/26/2025 15:53,,,,,,No,1,keep getting a message that says one more task needed for signin before march 4th but no explanation for what it is. I've already created a new signin
2/26/2025 15:52,,,,,,No,1,Give my contact information
2/26/2025 15:50,,,,,,No,,
2/26/2025 15:48,,,,,,No,2,Sign in
2/26/2025 15:48,,,,,,No,1,sign in
2/26/2025 15:46,,,,,,No,,
2/26/2025 15:46,,,,,,No,3,enter contact info
2/26/2025 15:45,,,,,,No,2,contact info
2/26/2025 15:43,,,,,,No,1,"add contact inro, kept getting message - We're sorry. Something went wrong on our end. please refresh this page blah blah blah.  Never was able to add"
2/26/2025 15:39,,,,,,No,1,you are asking for my personal info.i went to my local post office and got verfied but i still cant log on. 812 603 8072
2/26/2025 15:37,,,,,,No,3,ID.me
,,,,,,,,
